"관리번호",공원명,공원구분,소재지도로명주소,소재지지번주소,위도,경도,공원면적,공원보유시설(운동시설),공원보유시설(유희시설),공원보유시설(편익시설),공원보유시설(교양시설),공원보유시설(기타시설),지정고시일,관리기관명,전화번호,데이터기준일자
45111-00001,추심정 2,소공원,,전라북도 전주시 완산구 남노송동 102-13,35.8183021,127.1549494,244,,,,,,2008-06-20,전라북도 전주시 자원순환본부 산림공원과,063-281-2689,2023-01-01
45111-00002,추심정 1,소공원,전라북도 전주시 완산구 기린대로 106,전라북도 전주시 완산구 남노송동 156-35,35.8188266,127.1548864,180,,,,,,2008-06-20,전라북도 전주시 자원순환본부 산림공원과,063-281-2689,2023-01-01
45111-00003,학봉,소공원,전라북도 전주시 완산구 학봉1길 5-39,전라북도 전주시 완산구 동서학동 314-1,35.8042205,127.1525704,674,,,,,,2008-06-20,전라북도 전주시 자원순환본부 산림공원과,063-281-2689,2023-01-01
45111-00004,산성 1,소공원,,전라북도 전주시 완산구 동서학동 847-4,35.8068432,127.1596261,210,,,,,,2008-06-20,전라북도 전주시 자원순환본부 산림공원과,063-281-2689,2023-01-01
45111-00005,산성 2,소공원,전라북도 전주시 완산구 황학1길 6-3,전라북도 전주시 완산구 동서학동 860-2,35.8078617,127.1571844,321,,,,,,2008-06-20,전라북도 전주시 자원순환본부 산림공원과,063-281-2689,2023-01-01
45111-00006,산성공원,역사공원,전라북도 전주시 완산구 남고산성1길 176-9,전라북도 전주시 완산구 동서학동 산 157,35.7953531,127.1602416,1630490,운동기구,,정자+화장실+벤치,,,1966-02-10,전라북도 전주시 자원순환본부 산림공원과,063-281-2689,2023-01-01
45111-00007,원각사,소공원,전라북도 전주시 완산구 완산길 42,전라북도 전주시 완산구 동완산동 272-1,35.81141643,127.1428994,238,,,,,,2008-06-20,전라북도 전주시 자원순환본부 산림공원과,063-281-2689,2023-01-01
45111-00008,완산공원,근린공원,전라북도 전주시 완산구 완산4길 30-27,전라북도 전주시 완산구 동완산동 산 121-1,35.80968239,127.1417695,650887,배드민턴장+농구대+운동기구,조합놀이대+시소,정자+화장실+벤치,,,1992-05-08,전라북도 전주시 자원순환본부 산림공원과,063-281-2689,2023-01-01
45111-00009,상산공원,어린이공원,,전라북도 전주시 완산구 삼천동1가 577,35.8007004892,127.1198769,1658,운동기구,시소+그네,정자+화장실+벤치,,,1986-07-29,전라북도 전주시 자원순환본부 산림공원과,063-281-2689,2023-01-01
45111-00010,송정공원,어린이공원,,전라북도 전주시 완산구 삼천동1가 609,35.7981447155,127.1174232458,1570,운동기구,조합놀이대+시소+그네,정자+화장실+벤치,,,1986-07-29,전라북도 전주시 자원순환본부 산림공원과,063-281-2689,2023-01-01
45111-00011,약수공원,어린이공원,전라북도 전주시 완산구 상거마4길 15,전라북도 전주시 완산구 삼천동1가 615-4,35.79702585,127.1211804,2099,농구대+운동기구,시소+그네,정자+화장실+벤치,,,1986-07-29,전라북도 전주시 자원순환본부 산림공원과,063-281-2689,2023-01-01
45111-00012,세내공원,어린이공원,전라북도 전주시 완산구 거마산3길 10,전라북도 전주시 완산구 삼천동1가 636,35.7960636,127.124643,4068,운동기구,조합놀이대+그네,정자+화장실+벤치,,,1986-07-29,전라북도 전주시 자원순환본부 산림공원과,063-281-2689,2023-01-01
45111-00013,그린공원,근린공원,전라북도 전주시 완산구 거마남로 41,전라북도 전주시 완산구 삼천동1가 659,35.79492105,127.1214675,11335,게이트볼구장+운동기구,,정자+화장실+벤치,,수경설비,1992-05-08,전라북도 전주시 자원순환본부 산림공원과,063-281-2689,2023-01-01
45111-00014,모퉁이공원,어린이공원,,전라북도 전주시 완산구 삼천동1가 672-1,35.7937201602,127.1181687,2098,운동기구,조합놀이대,정자+벤치,,,1992-11-17,전라북도 전주시 자원순환본부 산림공원과,063-281-2689,2023-01-01
45111-00015,거마공원,근린공원,,전라북도 전주시 완산구 삼천동1가 707,35.7984286,127.1226567,20187,족구장+핸드볼장+농구대+운동기구,,정자+화장실+벤치,,수경설비,1994-09-16,전라북도 전주시 자원순환본부 산림공원과,063-281-2689,2023-01-01
45111-00016,강변공원,근린공원,,전라북도 전주시 완산구 삼천동1가 724-1,35.7991364394,127.1109993459,9927,,,,,,1993-08-17,전라북도 전주시 자원순환본부 산림공원과,063-281-2689,2023-01-01
45111-00017,곰솔나무길공원,문화공원,,전라북도 전주시 완산구 삼천동1가 732-5,35.8003179,127.128379,1759,,,벤치,,,1992-11-17,전라북도 전주시 자원순환본부 산림공원과,063-281-2689,2023-01-01
45111-00018,안행구획제1공원,어린이공원,,전라북도 전주시 완산구 삼천동1가 739,35.8019499,127.1291836931,1556,배드민턴장+운동기구,조합놀이대+시소+미끄럼틀,정자+벤치,,,1992-11-17,전라북도 전주시 자원순환본부 산림공원과,063-281-2689,2023-01-01
45111-00019,신안행로공원,어린이공원,,전라북도 전주시 완산구 삼천동1가 750-3,35.799774,127.1314604790,1690,농구대+운동기구,조합놀이대,정자+벤치,,,1996-12-27,전라북도 전주시 자원순환본부 산림공원과,063-281-2689,2023-01-01
45111-00020,삼천주공공원,어린이공원,,전라북도 전주시 완산구 삼천동1가 765-1,35.794779,127.1114401692,1500,,,,,,2012-12-21,전라북도 전주시 자원순환본부 산림공원과,063-281-2689,2023-01-01
45111-00021,함대공원,어린이공원,,전라북도 전주시 완산구 삼천동2가 43,35.7947967,127.1070337,2078,,조합놀이대+시소+미끄럼틀,,,,2012-12-21,전라북도 전주시 자원순환본부 산림공원과,063-281-2689,2023-01-01
45111-00022,효천공원,어린이공원,,전라북도 전주시 완산구 삼천동2가 78-3,35.7954049,127.1049515,1758,,조합놀이대,,,수경설비,2008-06-20,전라북도 전주시 자원순환본부 산림공원과,063-281-2689,2023-01-01
45111-00023,삼천공원,근린공원,,전라북도 전주시 완산구 삼천동2가 산 82-1,35.7847381,127.0935428,1289691,,,,,,2008-03-04,전라북도 전주시 자원순환본부 산림공원과,063-281-2689,2023-01-01
45111-00024,불무 2,소공원,,전라북도 전주시 완산구 서서학동 102-2,35.8048088,127.1465562,257,,,,,,2008-06-20,전라북도 전주시 자원순환본부 산림공원과,063-281-2689,2023-01-01
45111-00025,재실구역,어린이공원,전라북도 전주시 완산구 장승배기로 352-22,전라북도 전주시 완산구 서서학동 358-14,35.8021494,127.1482498,4719,운동기구,조합놀이대+시소,정자+화장실+벤치,,,1994-09-16,전라북도 전주시 자원순환본부 산림공원과,063-281-2689,2023-01-01
45111-00026,불무 1,소공원,전라북도 전주시 완산구 장승배기9길 18,전라북도 전주시 완산구 서서학동 369-3,35.8042163,127.1466813,478,,,,,,2010-03-05,전라북도 전주시 자원순환본부 산림공원과,063-281-2689,2023-01-01
45111-00027,장승백이,소공원,,전라북도 전주시 완산구 서서학동 산27-2,35.8019409,127.1451674,321,,,,,,2008-06-20,전라북도 전주시 자원순환본부 산림공원과,063-281-2689,2023-01-01
45111-00028,흑석골,소공원,,전라북도 전주시 완산구 서서학동 986-6,35.7976637,127.1494195,1689,,,,,,2010-03-05,전라북도 전주시 자원순환본부 산림공원과,063-281-2689,2023-01-01
45111-00029,고사평 동 공원,어린이공원,,전라북도 전주시 완산구 서신동 1018,35.8382055555,127.1086173750,1907,축구장+농구대+운동기구,조합놀이대,정자+화장실+벤치,,,1993-07-23,전라북도 전주시 자원순환본부 산림공원과,063-281-2689,2023-01-01
45111-00030,안터공원,어린이공원,,전라북도 전주시 완산구 서신동 787-1,35.8309112211,127.1196293018,5574,운동기구,조합놀이대,화장실+벤치,,,1993-07-23,전라북도 전주시 자원순환본부 산림공원과,063-281-2689,2023-01-01
45111-00031,도내기샘공원,근린공원,,전라북도 전주시 완산구 서신동 794,35.8317279153,127.1168157385,11207,,,,,,2008-03-04,전라북도 전주시 자원순환본부 산림공원과,063-281-2689,2023-01-01
45111-00032,서신길공원,근린공원,전라북도 전주시 완산구 당산로 56,전라북도 전주시 완산구 서신동 795,35.83159158,127.1144504,11473,,,,,수경설비,2008-03-04,전라북도 전주시 자원순환본부 산림공원과,063-281-2689,2023-01-01
45111-00033,전룡공원,어린이공원,,전라북도 전주시 완산구 서신동 834,35.8280069848,127.1168990704,3426,운동기구,조합놀이대+시소,화장실+벤치,,,1983-07-26,전라북도 전주시 자원순환본부 산림공원과,063-281-2689,2023-01-01
45111-00034,용두길공원,어린이공원,,전라북도 전주시 완산구 서신동 844,35.8274363059,127.1136138897,2802,운동기구,조합놀이대+시소+그네,정자+벤치,,,1992-05-30,전라북도 전주시 자원순환본부 산림공원과,063-281-2689,2023-01-01
45111-00035,바구멀,소공원,,전라북도 전주시 완산구 서신동 8-4,35.8283414,127.1252804,314,,,,,,2008-06-20,전라북도 전주시 자원순환본부 산림공원과,063-281-2689,2023-01-01
45111-00036,명당골공원,어린이공원,,전라북도 전주시 완산구 서신동 887-8,35.8261764,127.1192304,1622,운동기구,조합놀이대+시소+그네,정자+벤치,,,1994-09-16,전라북도 전주시 자원순환본부 산림공원과,063-281-2689,2023-01-01
45111-00037,서여울길공원,어린이공원,,전라북도 전주시 완산구 서신동 929-2,35.8361108,127.1111833,1548,배구장+운동기구,조합놀이대+시소+그네,정자+화장실+벤치,,,1994-09-16,전라북도 전주시 자원순환본부 산림공원과,063-281-2689,2023-01-01
45111-00038,고사평서 공원,어린이공원,,전라북도 전주시 완산구 서신동 944-1,35.8360794,127.1086379,1668,농구대+배드민턴장+운동기구,시소+그네,정자+벤치,,,1994-09-16,전라북도 전주시 자원순환본부 산림공원과,063-281-2689,2023-01-01
45111-00039,서일공원,근린공원,,전라북도 전주시 완산구 서신동 960-3,35.8374190754,127.1160862709,10674,,,,,,2008-03-04,전라북도 전주시 자원순환본부 산림공원과,063-281-2689,2023-01-01
45111-00040,서부공원,어린이공원,,전라북도 전주시 완산구 서신동 962-5,35.8343638615,127.113067,6960,게이트볼구장+운동기구,야외무대+조합놀이대,정자+화장실+벤치,,,1994-09-16,전라북도 전주시 자원순환본부 산림공원과,063-281-2689,2023-01-01
45111-00041,선수촌공원,어린이공원,,전라북도 전주시 완산구 서신동 965-4,35.8347051,127.1191793,7818,농구대+운동기구,조합놀이대,정자+벤치,,,1992-05-30,전라북도 전주시 자원순환본부 산림공원과,063-281-2689,2023-01-01
45111-00042,재뜸공원,어린이공원,,전라북도 전주시 완산구 서신동 988,35.8268417869,127.1234646509,2292,운동기구,조합놀이대,정자+화장실+벤치,,,1987-04-30,전라북도 전주시 자원순환본부 산림공원과,063-281-2689,2023-01-01
45111-00043,강당재,소공원,전라북도 전주시 완산구 강당2길 29-9,전라북도 전주시 완산구 서완산동2가 79-24,35.81082594,127.1338864,125,,,,,,2008-06-20,전라북도 전주시 자원순환본부 산림공원과,063-281-2689,2023-01-01
45111-00044,가락구역,소공원,,전라북도 전주시 완산구 서완산동1가 525-6,35.8127361,127.1384904920,75,,,,,,2008-06-20,전라북도 전주시 자원순환본부 산림공원과,063-281-2689,2023-01-01
45111-00045,가락구역,소공원,,전라북도 전주시 완산구 서완산동1가 574-3,35.8118675816,127.1382599065,219,,,,,,2008-06-20,전라북도 전주시 자원순환본부 산림공원과,063-281-2689,2023-01-01
45111-00046,풍남,소공원,,전라북도 전주시 완산구 효자동1가 655,35.8006962053,127.1145128529,191,,,,,,2008-03-04,전라북도 전주시 자원순환본부 산림공원과,063-281-2689,2023-01-01
45111-00048,모악산도립공원,근린공원,,전라북도 전주시 완산구 중인동 1129,35.7583868,127.0913206,5608490,,,,,,1971-12-01,전라북도 전주시 자원순환본부 산림공원과,063-281-2689,2023-01-01
45111-00049,다가공원,근린공원,,전라북도 전주시 완산구 중화산동1가 150-3,35.814131,127.1377817376,66085,배드민턴장,,정자+화장실+벤치,,,1970-04-14,전라북도 전주시 자원순환본부 산림공원과,063-281-2689,2023-01-01
45111-00050,선너머공원,근린공원,,전라북도 전주시 완산구 중화산동2가 547,35.8098485,127.1265808800,12351,배드민턴장+운동기구,조합놀이대+회전무대+정글집,정자+화장실+벤치,,,1986-06-09,전라북도 전주시 자원순환본부 산림공원과,063-281-2689,2023-01-01
45111-00051,메너머1길공원,어린이공원,,전라북도 전주시 완산구 중화산동2가 573,35.8216759326,127.1213322339,1500,운동기구,조합놀이대,정자+화장실+벤치,,,1986-07-29,전라북도 전주시 자원순환본부 산림공원과,063-281-2689,2023-01-01
45111-00052,인정길공원,어린이공원,,전라북도 전주시 완산구 중화산동2가 586,35.819395,127.1194681394,6000,농구대+다목적구장+운동기구,조합놀이대,정자+화장실+벤치,,수경설비,1988-11-07,전라북도 전주시 자원순환본부 산림공원과,063-281-2689,2023-01-01
45111-00053,중산10길공원,어린이공원,,전라북도 전주시 완산구 중화산동2가 598,35.8186193107,127.1219536772,1500,운동기구,그네+미끄럼틀,화장실+벤치,,,1988-11-07,전라북도 전주시 자원순환본부 산림공원과,063-281-2689,2023-01-01
45111-00054,중산5길공원,어린이공원,,전라북도 전주시 완산구 중화산동2가 619,35.8155124486,127.1190226187,1500,농구대+운동기구,조합놀이대+시소,정자+화장실+벤치,,,1988-11-07,전라북도 전주시 자원순환본부 산림공원과,063-281-2689,2023-01-01
45111-00055,중산3길공원,어린이공원,,전라북도 전주시 완산구 중화산동2가 630,35.8158115,127.1221999,1500,농구대+운동기구,시소+그네,정자+화장실+벤치,,,1988-11-07,전라북도 전주시 자원순환본부 산림공원과,063-281-2689,2023-01-01
45111-00056,화산네거리공원,어린이공원,,전라북도 전주시 완산구 중화산동2가 643,35.8134950247,127.1212353,1500,농구대+운동기구,조합놀이대+시소,정자+화장실+벤치,,,1988-11-07,전라북도 전주시 자원순환본부 산림공원과,063-281-2689,2023-01-01
45111-00057,근영공원,어린이공원,,전라북도 전주시 완산구 중화산동2가 655-4,35.8173408902,127.1248339450,1500,농구대+운동기구,조합놀이대,정자+화장실+벤치,,,1992-05-30,전라북도 전주시 자원순환본부 산림공원과,063-281-2689,2023-01-01
45111-00058,한두평공원,어린이공원,,전라북도 전주시 완산구 중화산동2가 662-5,35.8138669016,127.1249097242,1500,운동기구,그네+미끄럼틀,정자+화장실+벤치,,,1988-11-07,전라북도 전주시 자원순환본부 산림공원과,063-281-2689,2023-01-01
45111-00059,중산공원,근린공원,전라북도 전주시 완산구 메너머4길 11,전라북도 전주시 완산구 중화산동2가 687,35.82481675,127.1215811,12237,게이트볼구장+운동기구,조합놀이대,정자+화장실+벤치,,수경설비,1986-05-08,전라북도 전주시 자원순환본부 산림공원과,063-281-2689,2023-01-01
45111-00060,매너머공원,어린이공원,,전라북도 전주시 완산구 중화산동2가 702-1,35.8224943971,127.1189399,1674,농구대+운동기구,시소+그네,벤치,,,1988-11-07,전라북도 전주시 자원순환본부 산림공원과,063-281-2689,2023-01-01
45111-00061,33호공원,근린공원,,전라북도 전주시 완산구 중화산동2가 746-3,35.8223532,127.1144597,10330,농구대+배드민턴장+게이트볼구장+운동기구,,정자+화장실+벤치,,,1997-02-04,전라북도 전주시 자원순환본부 산림공원과,063-281-2689,2023-01-01
45111-00062,111호공원,어린이공원,,전라북도 전주시 완산구 중화산동2가 757-1,35.8202248,127.1172278,1531,,,,,,1997-01-22,전라북도 전주시 자원순환본부 산림공원과,063-281-2689,2023-01-01
45111-00063,110호공원,어린이공원,,전라북도 전주시 완산구 중화산동2가 763-4,35.8196463,127.1147908,1512,,,,,,1997-01-22,전라북도 전주시 자원순환본부 산림공원과,063-281-2689,2023-01-01
45111-00064,112호공원,어린이공원,,전라북도 전주시 완산구 중화산동2가 775-3,35.8181408185,127.1168265,1510,,,,,,1997-01-22,전라북도 전주시 자원순환본부 산림공원과,063-281-2689,2023-01-01
45111-00065,109호공원,어린이공원,,전라북도 전주시 완산구 중화산동2가 819-1,35.8210657,127.1147651,1513,,,,,,1997-01-22,전라북도 전주시 자원순환본부 산림공원과,063-281-2689,2023-01-01
45111-00066,화산공원,근린공원,,전라북도 전주시 완산구 중화산동2가 산 83-1,35.819811,127.1272054,572867,빙상경기장+배드민턴장+운동기구,,벤치+매점+화장실+벤치,,빙상경기장+수경설비,1970-04-14,전라북도 전주시 자원순환본부 산림공원과,063-281-2689,2023-01-01
45111-00067,태평문화공원,문화공원,,전라북도 전주시 완산구 태평동 293,35.8240594634,127.1376787995,7211,,,벤치,,수경설비,2006-09-01,전라북도 전주시 자원순환본부 산림공원과,063-281-2689,2023-01-01
45111-00068,태평소공원,소공원,,전라북도 전주시 완산구 태평동 293,35.8240594634,127.1376787995,768,,,벤치,,,2006-09-01,전라북도 전주시 자원순환본부 산림공원과,063-281-2689,2023-01-01
45111-00069,태평공원,어린이공원,,전라북도 전주시 완산구 태평동 293,35.8240594634,127.1376787995,4146,게이트볼구장+운동기구,조합놀이대+시소+미끄럼틀,정자+화장실+벤치,,,2006-09-01,전라북도 전주시 자원순환본부 산림공원과,063-281-2689,2023-01-01
45111-00070,도화봉공원,어린이공원,,전라북도 전주시 완산구 평화동1가 592-2,35.7968228461,127.1336338,393.5,,조합놀이대,벤치,,,1984-06-08,전라북도 전주시 자원순환본부 산림공원과,063-281-2689,2023-01-01
45111-00071,평화제1공원,어린이공원,,전라북도 전주시 완산구 평화동1가 597-6,35.7967199008,127.1331757,205.5,,조합놀이대,정자+벤치,,,1984-06-08,전라북도 전주시 자원순환본부 산림공원과,063-281-2689,2023-01-01
45111-00072,평화제2공원,어린이공원,,전라북도 전주시 완산구 평화동1가 722-1,35.7952008,127.1337133945,1974,운동기구,조합놀이대,정자+벤치,,,1994-04-29,전라북도 전주시 자원순환본부 산림공원과,063-281-2689,2023-01-01
45111-00073,감나무골공원,어린이공원,,전라북도 전주시 완산구 평화동1가 740-1,35.7947307,127.138129,1932,운동기구,조합놀이대,정자+벤치,,,1994-04-29,전라북도 전주시 자원순환본부 산림공원과,063-281-2689,2023-01-01
45111-00074,평화1공원,어린이공원,,전라북도 전주시 완산구 평화동1가 745-1,35.7920592591,127.1375171991,2861,운동기구,,화장실+벤치,,,1994-04-29,전라북도 전주시 자원순환본부 산림공원과,063-281-2689,2023-01-01
45111-00075,신성공원,근린공원,,전라북도 전주시 완산구 평화동2가 230-133,35.7908462904,127.1346697261,15152,,,,,수경설비,1986-05-08,전라북도 전주시 자원순환본부 산림공원과,063-281-2689,2023-01-01
45111-00076,새터공원,어린이공원,전라북도 전주시 완산구 맏내2길 20,전라북도 전주시 완산구 평화동2가 846-1,35.79201581,127.1296714,3414,족구장+농구대+운동기구,조합놀이대,정자+벤치,,,1994-04-29,전라북도 전주시 자원순환본부 산림공원과,063-281-2689,2023-01-01
45111-00077,참새암공원,어린이공원,,전라북도 전주시 완산구 평화동2가 858-4,35.7918147,127.1351967304,1511.5,,수경설비,정자+화장실+벤치,,수경설비,1994-04-29,전라북도 전주시 자원순환본부 산림공원과,063-281-2689,2023-01-01
45111-00078,맏내공원,어린이공원,,전라북도 전주시 완산구 평화동2가 873-5,35.788911,127.1360994551,1677,운동기구,조합놀이대,정자+벤치,,,1994-04-29,전라북도 전주시 자원순환본부 산림공원과,063-281-2689,2023-01-01
45111-00079,평화3-1호공원,어린이공원,,전라북도 전주시 완산구 평화동2가 889-6,35.7861578,127.1318067146,2755,배드민턴장+운동기구,조합놀이대,정자+벤치,,,1998-07-23,전라북도 전주시 자원순환본부 산림공원과,063-281-2689,2023-01-01
45111-00080,평화3-2호공원,어린이공원,,전라북도 전주시 완산구 평화동2가 896-2,35.7856694,127.1344426,2400,운동기구,야외무대+조합놀이대+시소,정자+벤치,,수경설비,1998-07-23,전라북도 전주시 자원순환본부 산림공원과,063-281-2689,2023-01-01
45111-00081,평화3-3호공원,어린이공원,,전라북도 전주시 완산구 평화동2가 897-2,35.7834167417,127.1323374,2210,농구대+운동기구,그네,정자+벤치,,,1998-07-23,전라북도 전주시 자원순환본부 산림공원과,063-281-2689,2023-01-01
45111-00082,중앙공원,역사공원,,전라북도 전주시 완산구 풍남동3가 102,35.8155190040,127.1501926,49620,,,화장실+벤치,,,1938-05-09,전라북도 전주시 자원순환본부 산림공원과,063-281-2689,2023-01-01
45111-00083,간납대1,소공원,,전라북도 전주시 완산구 풍남동3가 83-13,35.8174482,127.1520713,1132,,,,,,2008-06-20,전라북도 전주시 자원순환본부 산림공원과,063-281-2689,2023-01-01
45111-00084,간납대2,소공원,,전라북도 전주시 완산구 풍남동3가 9-29,35.8162092649,127.1553713,265,,,,,,2008-06-20,전라북도 전주시 자원순환본부 산림공원과,063-281-2689,2023-01-01
45111-00085,신리공원,어린이공원,,전라북도 전주시 완산구 효자동1가 551,35.8048145,127.1223459614,1500,운동기구,시소+그네+미끄럼틀,정자+벤치,,,1986-03-06,전라북도 전주시 자원순환본부 산림공원과,063-281-2689,2023-01-01
45111-00086,성지산공원,근린공원,전라북도 전주시 완산구 성지산로 55,전라북도 전주시 완산구 효자동1가 567-1,35.802042,127.1235308,10000,배드민턴장+운동기구,,정자+화장실+벤치,,,1985-11-06,전라북도 전주시 자원순환본부 산림공원과,063-281-2689,2023-01-01
45111-00087,양지공원,어린이공원,전라북도 전주시 완산구 송정로 15,전라북도 전주시 완산구 효자동1가 576-4,35.80241572,127.1183502,1658.5,운동기구,시소+그네+미끄럼틀,정자+벤치,,,1986-03-06,전라북도 전주시 자원순환본부 산림공원과,063-281-2689,2023-01-01
45111-00088,가절길공원,어린이공원,전라북도 전주시 완산구 신봉3길 17-14,전라북도 전주시 완산구 효자동1가 610,35.81192009,127.1159247,2228.7,운동기구,조합놀이대+시소,정자+화장실+벤치,,,1986-07-29,전라북도 전주시 자원순환본부 산림공원과,063-281-2689,2023-01-01
45111-00089,장성공원,어린이공원,,전라북도 전주시 완산구 효자동1가 631,35.8091920653,127.1171132187,2312,운동기구,시소+그네+미끄럼틀,정자+화장실+벤치,,,1986-07-29,전라북도 전주시 자원순환본부 산림공원과,063-281-2689,2023-01-01
45111-00090,효자공원,근린공원,,전라북도 전주시 완산구 효자동1가 634,35.8110487310,127.1201510745,31597,배드민턴장+운동기구,,정자+화장실+벤치,,,1989-06-09,전라북도 전주시 자원순환본부 산림공원과,063-281-2689,2023-01-01
45111-00091,효문공원,어린이공원,,전라북도 전주시 완산구 효자동1가 653,35.8023541707,127.1152654410,2400,배드민턴장+운동기구,시소+그네,정자+화장실+벤치,,,1969-06-10,전라북도 전주시 자원순환본부 산림공원과,063-281-2689,2023-01-01
45111-00092,풍남공원,어린이공원,,전라북도 전주시 완산구 효자동1가 655,35.8006962053,127.1145128529,1600,운동기구,시소+그네,정자+화장실+벤치,,,1969-06-10,전라북도 전주시 자원순환본부 산림공원과,063-281-2689,2023-01-01
45111-00093,효림공원,어린이공원,,전라북도 전주시 완산구 효자동1가 659-4,35.8102990648,127.1267308845,3144,운동기구,시소+그네,정자+화장실+벤치,,,1994-07-29,전라북도 전주시 자원순환본부 산림공원과,063-281-2689,2023-01-01
45111-00094,안행공원,어린이공원,,전라북도 전주시 완산구 효자동1가 681,35.8045204777,127.1356335886,1442,운동기구,,정자+밴치,,,1992-11-17,전라북도 전주시 자원순환본부 산림공원과,063-281-2689,2023-01-01
45111-00095,은빛공원,어린이공원,,전라북도 전주시 완산구 효자동1가 690-5,35.8030586,127.1338644051,2054,게이트볼구장+운동기구,조합놀이대+시소,정자+화장실+벤치,,,1992-11-17,전라북도 전주시 자원순환본부 산림공원과,063-281-2689,2023-01-01
45111-00096,안행공원,근린공원,전라북도 전주시 완산구 외칠봉4길 9,전라북도 전주시 완산구 효자동1가 산 132-1,35.80538046,127.1360226,20497,,,정자+화장실+벤치,,,1995-07-05,전라북도 전주시 자원순환본부 산림공원과,063-281-2689,2023-01-01
45111-00097,효자제8호공원,어린이공원,,전라북도 전주시 완산구 효자동2가 1164-1,35.8130036938,127.1086926,1537.5,운동기구,조합놀이대+시소+그네,농구대+벤치,,,2002-07-12,전라북도 전주시 자원순환본부 산림공원과,063-281-2689,2023-01-01
45111-00098,한지공원,어린이공원,,전라북도 전주시 완산구 효자동2가 1191-3,35.8073799566,127.0956845,1952,운동기구,조합놀이대,정자+벤치,,,2004-11-03,전라북도 전주시 자원순환본부 산림공원과,063-281-2689,2023-01-01
45111-00099,선율공원,어린이공원,,전라북도 전주시 완산구 효자동2가 1192-2,35.8091356,127.100273,1909,농구대+운동기구,조합놀이대,정자+벤치,,수경설비,2004-11-03,전라북도 전주시 자원순환본부 산림공원과,063-281-2689,2023-01-01
45111-00100,도화공원,어린이공원,,전라북도 전주시 완산구 효자동2가 1193-5,35.8072501,127.0980843801,1984,운동기구,조합놀이대+시소,정자+벤치,,,2004-11-03,전라북도 전주시 자원순환본부 산림공원과,063-281-2689,2023-01-01
45111-00101,효열공원,근린공원,,전라북도 전주시 완산구 효자동2가 1193-7,35.8067531776,127.0990342194,12195,배드민턴장+운동기구,,정자+벤치,,,2004-11-03,전라북도 전주시 자원순환본부 산림공원과,063-281-2689,2023-01-01
45111-00102,솔바람공원,근린공원,,전라북도 전주시 완산구 효자동2가 1200-1,35.8063416,127.0995210708,11342,운동기구,,화장실+벤치,,,2004-11-03,전라북도 전주시 자원순환본부 산림공원과,063-281-2689,2023-01-01
45111-00103,달맞이공원,어린이공원,,전라북도 전주시 완산구 효자동2가 1201-3,35.8070229,127.1015881,1891,운동기구,조합놀이대,정자+벤치,,,2004-11-03,전라북도 전주시 자원순환본부 산림공원과,063-281-2689,2023-01-01
45111-00104,푸른연꽃공원,어린이공원,,전라북도 전주시 완산구 효자동2가 1205-1,35.8037085,127.0990964996,1498,운동기구,조합놀이대+시소,정자+벤치,,,2004-11-03,전라북도 전주시 자원순환본부 산림공원과,063-281-2689,2023-01-01
45111-00105,효자제6호공원,어린이공원,,전라북도 전주시 완산구 효자동2가 1247-13,35.8126301,127.099199,1716,,조합놀이대+그네,정자+벤치,,,2002-07-12,전라북도 전주시 자원순환본부 산림공원과,063-281-2689,2023-01-01
45111-00106,효자제7호공원,어린이공원,,전라북도 전주시 완산구 효자동2가 1260-18,35.8124352,127.1042459,1538.9,운동기구,조합놀이대+시소+그네,정자+벤치,,,2002-07-12,전라북도 전주시 자원순환본부 산림공원과,063-281-2689,2023-01-01
45111-00107,사이언스공원,어린이공원,,전라북도 전주시 완산구 효자동2가 1310,35.809352,127.095438,2983,농구대+운동기구,그네,정자+벤치,,수경설비,2006-04-27,전라북도 전주시 자원순환본부 산림공원과,063-281-2689,2023-01-01
45111-00108,금파공원,어린이공원,,전라북도 전주시 완산구 효자동2가 1314-3,35.8096519237,127.098195,2326,운동기구,조합놀이대+그네,정자+벤치,,,2006-04-27,전라북도 전주시 자원순환본부 산림공원과,063-281-2689,2023-01-01
45111-00109,물빛채공원,어린이공원,,전라북도 전주시 완산구 효자동2가 1314-7,35.811213,127.101282,4371,배드민턴장+운동기구,조합놀이대+그네,정자+벤치,,수경설비,2006-04-27,전라북도 전주시 자원순환본부 산림공원과,063-281-2689,2023-01-01
45111-00110,이바디공원,근린공원,전라북도 전주시 완산구 우전로 177,전라북도 전주시 완산구 효자동2가 1314-8,35.81069673,127.1011168,14061,배드민턴장+운동기구,조합놀이대,정자+벤치,,수경설비,2006-04-27,전라북도 전주시 자원순환본부 산림공원과,063-281-2689,2023-01-01
45111-00111,토방공원,어린이공원,,전라북도 전주시 완산구 효자동2가 1315-5,35.809807,127.101497,2477,게이트볼구장+운동기구,,정자+벤치,,,2006-04-27,전라북도 전주시 자원순환본부 산림공원과,063-281-2689,2023-01-01
45111-00112,불빛공원,어린이공원,,전라북도 전주시 완산구 효자동2가 1322,35.805541,127.1024188779,2579,다목적구장+운동기구,조합놀이대+그네,정자+벤치,,,2006-04-27,전라북도 전주시 자원순환본부 산림공원과,063-281-2689,2023-01-01
45111-00113,나무향공원,어린이공원,,전라북도 전주시 완산구 효자동2가 1329-7,35.809874,127.105874,2276,운동기구,조합놀이대+시소+그네,정자+벤치,,,2006-04-27,전라북도 전주시 자원순환본부 산림공원과,063-281-2689,2023-01-01
45111-00114,용호근린공원,근린공원,,전라북도 전주시 완산구 효자동2가 1333-2,35.8068980583,127.104279,31330,배드민턴장+게이트볼구장+이라인스케이트장+운동기구,조합놀이대,정자+화장실+벤치,,수경설비,2006-04-27,전라북도 전주시 자원순환본부 산림공원과,063-281-2689,2023-01-01
45111-00115,모꼬지공원,근린공원,전라북도 전주시 완산구 강변로 260,전라북도 전주시 완산구 효자동2가 1-7,35.81309246,127.1127717,18059,,,,,,2007-12-26,전라북도 전주시 자원순환본부 산림공원과,063-281-2689,2023-01-01
45111-00116,우전공원,어린이공원,,전라북도 전주시 완산구 효자동2가 306,35.7991459,127.1041882,3094,,,,,,2007-12-26,전라북도 전주시 자원순환본부 산림공원과,063-281-2689,2023-01-01
45111-00117,신주공원,어린이공원,,전라북도 전주시 완산구 효자동2가 335,35.8010698,127.1024329,1633,,물놀이,,,,2012-12-21,전라북도 전주시 자원순환본부 산림공원과,063-281-2689,2023-01-01
45111-00118,천잠공원,근린공원,,전라북도 전주시 완산구 효자동2가 산 139,35.8102156521,127.0844872302,813872,,,,,,1995-06-29,전라북도 전주시 자원순환본부 산림공원과,063-281-2689,2023-01-01
45111-00119,백로공원,근린공원,,전라북도 전주시 완산구 효자동2가 산 61,35.8008763,127.1074326,55017,,,,,,2012-12-21,전라북도 전주시 자원순환본부 산림공원과,063-281-2689,2023-01-01
45111-00120,모롱지공원,근린공원,,전라북도 전주시 완산구 효자동3가 1407-3,35.8365006352,127.1033146332,11657,배드민턴장+게이트볼구장+테니스장+운동기구,조합놀이대,정자+화장실+벤치,,,1994-11-07,전라북도 전주시 자원순환본부 산림공원과,063-281-2689,2023-01-01
45111-00121,서중공원,어린이공원,,전라북도 전주시 완산구 효자동3가 1433,35.8352748,127.1001981083,1684,농구대+운동기구,조합놀이대.시소,정자+화장실+벤치,,,1994-11-07,전라북도 전주시 자원순환본부 산림공원과,063-281-2689,2023-01-01
45111-00122,신덕공원,어린이공원,,전라북도 전주시 완산구 효자동3가 1443-2,35.8341299,127.1025975,2482,운동기구,조합놀이대+시소+그네,정자벤치,,,1994-11-07,전라북도 전주시 자원순환본부 산림공원과,063-281-2689,2023-01-01
45111-00123,양지뜸공원,어린이공원,,전라북도 전주시 완산구 효자동3가 1473-4,35.8323436,127.0983312788,4842,운동기구,조합놀이대,정자+벤치,,,1994-11-07,전라북도 전주시 자원순환본부 산림공원과,063-281-2689,2023-01-01
45111-00124,서곡공원,근린공원,전라북도 전주시 완산구 서곡2길 29-6,전라북도 전주시 완산구 효자동3가 1485,35.8337889,127.1041528,29536,족구장+운동기구,,정자+화장실+벤치,,,1994-11-07,전라북도 전주시 자원순환본부 산림공원과,063-281-2689,2023-01-01
45111-00125,서곡공원,어린이공원,,전라북도 전주시 완산구 효자동3가 1487,35.829822,127.0987812,2871,운동기구,,정자+벤치,야외무대,,1994-11-07,전라북도 전주시 자원순환본부 산림공원과,063-281-2689,2023-01-01
45111-00126,문학대2공원,근린공원,,전라북도 전주시 완산구 효자동3가 1523-2,35.8276686185,127.1097689140,71962,농구대+배드민턴장+게이트볼구장+X게임장+운동기구,,정자+화장실+벤치,,,2002-07-12,전라북도 전주시 자원순환본부 산림공원과,063-281-2689,2023-01-01
45111-00127,마전숲,근린공원,,전라북도 전주시 완산구 효자동3가 1526-1,35.8187032952,127.1106341,17848,배드민턴장+농구대+운동기구,조합놀이대,정자+화장실+벤치,,수경설비,2002-07-12,전라북도 전주시 자원순환본부 산림공원과,063-281-2689,2023-01-01
45111-00128,서부제5공원,근린공원,,전라북도 전주시 완산구 효자동3가 1578,35.8296093639,127.0970700298,39618,,,,,,2002-07-12,전라북도 전주시 자원순환본부 산림공원과,063-281-2689,2023-01-01
45111-00129,서부제4공원,근린공원,,전라북도 전주시 완산구 효자동3가 1580,35.8302066,127.0996597057,17448,,,,,,2002-07-12,전라북도 전주시 자원순환본부 산림공원과,063-281-2689,2023-01-01
45111-00130,문학대1공원,근린공원,,전라북도 전주시 완산구 효자동3가 1587,35.8291884248,127.1051163990,25693,,,화장실+벤치,,유적지,2002-07-12,전라북도 전주시 자원순환본부 산림공원과,063-281-2689,2023-01-01
45111-00131,효자제1호공원,어린이공원,,전라북도 전주시 완산구 효자동3가 1604-29,35.8271027797,127.1014206,1629,,조합놀이대,정자+벤치,,,2002-07-12,전라북도 전주시 자원순환본부 산림공원과,063-281-2689,2023-01-01
45111-00132,효자제2호공원,어린이공원,,전라북도 전주시 완산구 효자동3가 1615-22,35.826979,127.1033266,1672.4,농구대+운동기구,조합놀이대+그네,정자+벤치,,,2002-07-12,전라북도 전주시 자원순환본부 산림공원과,063-281-2689,2023-01-01
45111-00133,효자제3호공원,어린이공원,,전라북도 전주시 완산구 효자동3가 1641-7,35.8233173843,127.0996972,1721.1,,조합놀이대+시소,정자+벤치,,,2002-07-12,전라북도 전주시 자원순환본부 산림공원과,063-281-2689,2023-01-01
45111-00134,효자제4호공원,어린이공원,,전라북도 전주시 완산구 효자동3가 1687-13,35.8200044195,127.0996948,1721,운동기구,조합놀이대+시소,정자+벤치,,,2002-07-12,전라북도 전주시 자원순환본부 산림공원과,063-281-2689,2023-01-01
45111-00135,효자제5호공원,어린이공원,,전라북도 전주시 완산구 효자동3가 1713-18,35.8164307,127.0962956,1580.4,농구대+다목적구장+운동기구,조합놀이대,정자+벤치,,,2002-07-12,전라북도 전주시 자원순환본부 산림공원과,063-281-2689,2023-01-01
45111-00136,바위백이공원,근린공원,,전라북도 전주시 완산구 효자동3가 1858,35.8170027052,127.0999914937,59814,운동기구,,정자,,,2002-07-12,전라북도 전주시 자원순환본부 산림공원과,063-281-2689,2023-01-01
45111-00137,효자묘지공원,묘지공원,,전라북도 전주시 완산구 효자동3가 산 136-1,35.8268731,127.0914374808,421320,,,,,,1979-01-23,전라북도 전주시 자원순환본부 산림공원과,063-281-2689,2023-01-01
45111-00138,효자공원,근린공원,,전라북도 전주시 완산구 효자동2가 1364-2,35.8371983,127.1048155,3240,,,벤치,,,2006-02-17,전라북도 전주시 자원순환본부 산림공원과,063-281-2689,2023-01-01
45111-00139,이목대공원,소공원,전라북도 전주시 완산구 자만동3길 4-1,전라북도 전주시 완산구 교동 54-16,35.8144091,127.1560596,264,,,,,,2018-12-14,전라북도 전주시 자원순환본부 산림공원과,063-281-2689,2023-01-01
45111-00140,역사도심공원,소공원,,전라북도 전주시 완산구 고사동 324-14,35.820872,127.1404709591,208,,,,,,2018-04-30,전라북도 전주시 자원순환본부 산림공원과,063-281-2689,2023-01-01
45113-00001,덕진공원,근린공원,전라북도 전주시 덕진구 권삼득로 390,전라북도 전주시 덕진구 덕진동1가 1316-2,35.84749476,127.1210312,3373838,배드민턴장+축구장+풋살구장,그네,화장실+벤치+매점,,음악분수,1938-05-09,전라북도 전주시 자원순환본부 산림공원과,063-281-2689,2023-01-01
45113-00002,팔복첨단산업3-1,근린공원,전라북도 전주시 덕진구 반룡1길 18-3,전라북도 전주시 덕진구 팔복동2가 589,35.85988555,127.0898288,17397.5,배드민턴장+운동기구,,정자+화장실+벤치,,,1938-05-09,전라북도 전주시 자원순환본부 산림공원과,063-281-2689,2023-01-01
45113-00003,진북공원,어린이공원,전라북도 전주시 덕진구 벚꽃2길 6,전라북도 전주시 덕진구 진북동 1031-5,35.82791173,127.132693,1279,,조합놀이대,벤치,,,1962-01-26,전라북도 전주시 자원순환본부 산림공원과,063-281-2689,2023-01-01
45113-00004,가련산공원,근린공원,,전라북도 전주시 덕진구 덕진동2가 산 27-1,35.8436246,127.1192136,299713,운동기구,,벤치,,,1966-02-10,전라북도 전주시 자원순환본부 산림공원과,063-281-2689,2023-01-01
45113-00005,오공공원,근린공원,,전라북도 전주시 덕진구 중동 830,35.8328441574,127.0536116648,18988,운동기구,,정자+벤치,,,1966-02-10,전라북도 전주시 자원순환본부 산림공원과,063-281-2689,2023-01-01
45113-00006,정문공원,근린공원,,전라북도 전주시 덕진구 중동 832,35.8327715538,127.0665020737,35918,운동기구,,정자+화장실+벤치,,,1966-02-10,전라북도 전주시 자원순환본부 산림공원과,063-281-2689,2023-01-01
45113-00007,금암공원,어린이공원,전라북도 전주시 덕진구 떡전4길 22-5,전라북도 전주시 덕진구 금암동 756-4,35.8368538,127.1294517,2033.7,게이트볼구장+운동기구,조합놀이대+시소+그네,정자+벤치,,,1968-07-18,전라북도 전주시 자원순환본부 산림공원과,063-281-2689,2023-01-01
45113-00008,인후공원,근린공원,,전라북도 전주시 덕진구 인후동1가 산 4-6,35.8418516,127.1605316636,451980,운동기구,,정자+화장실+벤치,,,1970-04-14,전라북도 전주시 자원순환본부 산림공원과,063-281-2689,2023-01-01
45113-00009,황방산공원,근린공원,,전라북도 전주시 덕진구 팔복동3가 산 238-1,35.8393425,127.0974924445,2157909,,,,,,1970-04-14,전라북도 전주시 자원순환본부 산림공원과,063-281-2689,2023-01-01
45113-00010,꾀꼬리공원,어린이공원,전라북도 전주시 덕진구 삼송5길 12,전라북도 전주시 덕진구 금암동 1546-1,35.84330727,127.1372986,3303,게이트볼구장+운동기구,조합놀이대,벤치,,,1976-03-27,전라북도 전주시 자원순환본부 산림공원과,063-281-2689,2023-01-01
45113-00011,금암체련공원,어린이공원,전라북도 전주시 덕진구 매봉16길 8,전라북도 전주시 덕진구 금암동 1575-7,35.83858803,127.1413128,3304.9,게이트볼구장+운동기구,조합놀이대,정자+벤치,,,1976-03-27,전라북도 전주시 자원순환본부 산림공원과,063-281-2689,2023-01-01
45113-00012,우아2공원,어린이공원,,전라북도 전주시 덕진구 우아동3가 747-84,35.8506305197,127.1547066703,1140,,,벤치,,,1976-03-27,전라북도 전주시 자원순환본부 산림공원과,063-281-2689,2023-01-01
45113-00013,소공공원,어린이공원,전라북도 전주시 덕진구 우아10길 21-24,전라북도 전주시 덕진구 우아동3가 743-23,35.85382317,127.1568998,1371.8,운동기구,조합놀이대+시소+그네,정자,,,1976-03-27,전라북도 전주시 자원순환본부 산림공원과,063-281-2689,2023-01-01
45113-00014,동신공원,어린이공원,전라북도 전주시 덕진구 우아6길 24,전라북도 전주시 덕진구 우아동3가 744-139,35.8508605,127.1586183,1000.6,운동기구,시소,벤치,,,1976-03-27,전라북도 전주시 자원순환본부 산림공원과,063-281-2689,2023-01-01
45113-00015,우아1공원,어린이공원,,전라북도 전주시 덕진구 우아동3가 747-84,35.8506305197,127.1547065,1252,,,벤치,,,1976-03-27,전라북도 전주시 자원순환본부 산림공원과,063-281-2689,2023-01-01
45113-00016,황산공원,어린이공원,,전라북도 전주시 덕진구 우아동3가 750-49,35.8452209,127.1558857265,1000.7,운동기구,조합놀이대+그네,정자+벤치,,,1976-03-27,전라북도 전주시 자원순환본부 산림공원과,063-281-2689,2023-01-01
45113-00017,신기공원,어린이공원,,전라북도 전주시 덕진구 우아동3가 753-29,35.8473041273,127.1630224,333.2,운동기구,조합놀이대,벤치,,,1976-03-27,전라북도 전주시 자원순환본부 산림공원과,063-281-2689,2023-01-01
45113-00018,구숙사공원,어린이공원,전라북도 전주시 덕진구 명주3길 56,전라북도 전주시 덕진구 인후동2가 1544-8,35.84090844,127.1471596,3066,게이트볼구장+운동기구,조합놀이대+그네,정자+화장실+벤치,,,1976-03-27,전라북도 전주시 자원순환본부 산림공원과,063-281-2689,2023-01-01
45113-00019,금평공원,어린이공원,전라북도 전주시 덕진구 명주4길 9,전라북도 전주시 덕진구 인후동2가 1556-1,35.8448602,127.1495855,3305.2,게이트볼구장+운동기구,조합놀이대+시소+그네,정자+화장실+벤치,,,1976-03-27,전라북도 전주시 자원순환본부 산림공원과,063-281-2689,2023-01-01
45113-00020,숲정이공원,어린이공원,,전라북도 전주시 덕진구 진북동 834-60,35.8303267809,127.1302487746,1550,,조합놀이대+시소+그네+미끄럼틀,정자+벤치,,,1982-08-24,전라북도 전주시 자원순환본부 산림공원과,063-281-2689,2023-01-01
45113-00021,는들공원,근린공원,,전라북도 전주시 덕진구 중동 808,35.833529,127.0658052860,16675.1,배구장+족구장+축구장+운동기구,시소,정자+화장실+벤치,,수경설비,1984-11-08,전라북도 전주시 자원순환본부 산림공원과,063-281-2689,2023-01-01
45113-00022,산정공원,어린이공원,전라북도 전주시 덕진구 아중천1길 40,전라북도 전주시 덕진구 산정동 878-9,35.83570289,127.170663,1500,운동기구,조합놀이대,정자+벤치,,,1985-07-31,전라북도 전주시 자원순환본부 산림공원과,063-281-2689,2023-01-01
45113-00023,하인교공원,어린이공원,전라북도 전주시 덕진구 인교로 25-5,전라북도 전주시 덕진구 우아동1가 1104-1,35.8249724,127.1713421,1500,농구대+운동기구,조합놀이대,정자+벤치,,,1985-07-31,전라북도 전주시 자원순환본부 산림공원과,063-281-2689,2023-01-01
45113-00024,수성로공원,어린이공원,,전라북도 전주시 덕진구 우아동1가 1118-1,35.8263103,127.175069,1158,운동기구,,정자+벤치,,,1985-07-31,전라북도 전주시 자원순환본부 산림공원과,063-281-2689,2023-01-01
45113-00025,호동골공원,어린이공원,전라북도 전주시 덕진구 동부대로 371,전라북도 전주시 덕진구 우아동1가 1124-5,35.8254205,127.1772739,1973,운동기구,조합놀이대+시소,화장실+벤치,,,1985-07-31,전라북도 전주시 자원순환본부 산림공원과,063-281-2689,2023-01-01
45113-00026,석소공원,어린이공원,전라북도 전주시 덕진구 석소2길 14-5,전라북도 전주시 덕진구 우아동2가 873-1,35.8342553,127.1692889,1500,농구대+운동기구,조합놀이대,정자+벤치,,,1985-07-31,전라북도 전주시 자원순환본부 산림공원과,063-281-2689,2023-01-01
45113-00027,왜들공원,어린이공원,,전라북도 전주시 덕진구 우아동2가 895-6,35.8321076,127.1719287,1500,운동기구,조합놀이대,정자+벤치,,,1985-07-31,전라북도 전주시 자원순환본부 산림공원과,063-281-2689,2023-01-01
45113-00028,오동제공원,어린이공원,,전라북도 전주시 덕진구 우아동2가 910-4,35.8287199005,127.1704995115,1500,농구대+운동기구,조합놀이대+그네,정자+벤치,,,1985-07-31,전라북도 전주시 자원순환본부 산림공원과,063-281-2689,2023-01-01
45113-00029,진버들공원,어린이공원,,전라북도 전주시 덕진구 인후동1가 802-2,35.8355400084,127.1633275,2550,농구대+운동기구,조합놀이대+그네,정자+화장실+벤치,,,1985-07-31,전라북도 전주시 자원순환본부 산림공원과,063-281-2689,2023-01-01
45113-00030,북가재미공원,어린이공원,,전라북도 전주시 덕진구 인후동1가 843-1,35.8319092,127.1614936795,1500,농구대+운동기구,조합놀이대,정자+벤치,,,1985-07-31,전라북도 전주시 자원순환본부 산림공원과,063-281-2689,2023-01-01
45113-00031,도란길공원,어린이공원,전라북도 전주시 덕진구 건산로 238,전라북도 전주시 덕진구 인후동1가 845-3,35.8342223,127.1633686,1500,운동기구,조합놀이대+시소+그네,정자+벤치,,,1985-07-31,전라북도 전주시 자원순환본부 산림공원과,063-281-2689,2023-01-01
45113-00032,구총목공원,어린이공원,,전라북도 전주시 덕진구 인후동1가 882-1,35.8292439,127.1625277,1500,운동기구,조합놀이대,정자+벤치,,,1985-07-31,전라북도 전주시 자원순환본부 산림공원과,063-281-2689,2023-01-01
45113-00033,꿈마을공원,어린이공원,,전라북도 전주시 덕진구 인후동1가 890-2,35.8303238,127.1668328,2280,운동기구,조합놀이대,정자+벤치,,,1985-07-31,전라북도 전주시 자원순환본부 산림공원과,063-281-2689,2023-01-01
45113-00034,가재미공원,어린이공원,,전라북도 전주시 덕진구 인후동1가 906-1,35.8261569,127.1621407,1500,농구대+운동기구,조합놀이대,정자+벤치,,,1985-07-31,전라북도 전주시 자원순환본부 산림공원과,063-281-2689,2023-01-01
45113-00035,하평공원,어린이공원,,전라북도 전주시 덕진구 인후동1가 918-2,35.8280352,127.1654984548,1500,농구대+운동기구,조합놀이대.그네,정자+벤치,,,1985-07-31,전라북도 전주시 자원순환본부 산림공원과,063-281-2689,2023-01-01
45113-00036,한범로공원,어린이공원,,전라북도 전주시 덕진구 인후동1가 943-6,35.8238151,127.1672959,1500,농구대+운동기구,조합놀이대+그네,정자+벤치,,,1985-07-31,전라북도 전주시 자원순환본부 산림공원과,063-281-2689,2023-01-01
45113-00037,문화로공원,어린이공원,,전라북도 전주시 덕진구 인후동1가 951-5,35.8271027248,127.1700718,1500,농구대+운동기구,조합놀이대,정자+벤치,,,1985-07-31,전라북도 전주시 자원순환본부 산림공원과,063-281-2689,2023-01-01
45113-00038,북일길공원,어린이공원,전라북도 전주시 덕진구 안골5길 7-4,전라북도 전주시 덕진구 우아동3가 756-5,35.8429704,127.1551273,1502,운동기구,조합놀이대,정자+벤치,,,1985-12-30,전라북도 전주시 자원순환본부 산림공원과,063-281-2689,2023-01-01
45113-00039,안골공원,어린이공원,,전라북도 전주시 덕진구 인후동1가 753-4,35.8408157125,127.1570832,1502,운동기구,조합놀이대+그네,정자+벤치,,,1985-12-30,전라북도 전주시 자원순환본부 산림공원과,063-281-2689,2023-01-01
45113-00040,안골노인복지공원,어린이공원,,전라북도 전주시 덕진구 인후동1가 764-6,35.8381589,127.1571397,1502,게이트볼구장+운동기구,,벤치,,,1985-12-30,전라북도 전주시 자원순환본부 산림공원과,063-281-2689,2023-01-01
45113-00041,언덕공원,어린이공원,,전라북도 전주시 덕진구 인후동1가 774-1,35.8352807170,127.1535205,1502,농구대+운동기구,조합놀이대,벤치,,,1985-12-30,전라북도 전주시 자원순환본부 산림공원과,063-281-2689,2023-01-01
45113-00042,팔과공원,근린공원,,전라북도 전주시 덕진구 팔복동2가 830-7,35.8596025005,127.0900692496,11512.8,농구대+게이트볼구장,시소+그네,정자+화장실+벤치,,수경설비,1986-05-08,전라북도 전주시 자원순환본부 산림공원과,063-281-2689,2023-01-01
45113-00043,팔복지구 3호공원,근린공원,전라북도 전주시 덕진구 학산길 26-6,전라북도 전주시 덕진구 팔복동2가 505,35.8558169,127.0932998,7176,회전무대+정글집+농구대+배드민턴장+운동기구,시소,정자+화장실+벤치,,,1988-12-30,전라북도 전주시 자원순환본부 산림공원과,063-281-2689,2023-01-01
45113-00044,신덕공원,어린이공원,,전라북도 전주시 덕진구 우아동2가 854-1,35.8377147336,127.1662817,1655.9,운동기구,조합놀이대,정자+벤치,,,1993-08-17,전라북도 전주시 자원순환본부 산림공원과,063-281-2689,2023-01-01
45113-00045,중상보공원,근린공원,,전라북도 전주시 덕진구 우아동2가 907,35.8305316288,127.1711276,11384,배구장+축구장+농구대+운동기구,조합놀이대,정자+화장실+벤치,,,1993-08-17,전라북도 전주시 자원순환본부 산림공원과,063-281-2689,2023-01-01
45113-00046,아람길공원,근린공원,,전라북도 전주시 덕진구 인후동1가 858-3,35.8310248454,127.1678172348,10066,족구장+게이트볼구장+운동기구,,정자+화장실+벤치,,수경설비,1993-08-17,전라북도 전주시 자원순환본부 산림공원과,063-281-2689,2023-01-01
45113-00047,팔복공원,근린공원,전라북도 전주시 덕진구 서귀로 107,전라북도 전주시 덕진구 팔복동3가 404,35.85144205,127.0870282,20723,족구장+게이트볼구장+농구대+운동기구,조합놀이대+시소+그네,정자+화장실+벤치,,,1994-07-29,전라북도 전주시 자원순환본부 산림공원과,063-281-2689,2023-01-01
45113-00048,붓내공원,어린이공원,,전라북도 전주시 덕진구 송천동2가 1270,35.868031,127.1253815,1650,운동기구,조합놀이대,정자+벤치,,,1995-12-30,전라북도 전주시 자원순환본부 산림공원과,063-281-2689,2023-01-01
45113-00049,솔내공원,어린이공원,,전라북도 전주시 덕진구 송천동2가 1274,35.8668845,127.1268701,2000,농구대+운동기구,조합놀이대,정자+벤치,,,1995-12-30,전라북도 전주시 자원순환본부 산림공원과,063-281-2689,2023-01-01
45113-00050,송천제2호공원,어린이공원,,전라북도 전주시 덕진구 송천동1가 844-8,35.8614203321,127.1176707584,2004.1,운동기구,조합놀이대,벤치,,,2001-07-23,전라북도 전주시 자원순환본부 산림공원과,063-281-2689,2023-01-01
45113-00051,송천유적공원,어린이공원,,전라북도 전주시 덕진구 송천동1가 816-1,35.8650166749,127.1187477,6760.6,운동기구,조합놀이대,화장실+벤치,,,2004-04-03,전라북도 전주시 자원순환본부 산림공원과,063-281-2689,2023-01-01
45113-00052,나들목공원,근린공원,,전라북도 전주시 덕진구 용정동 124-41,35.8754524,127.0555936140,56941,운동기구,,화장실+벤치,,,2004-05-21,전라북도 전주시 자원순환본부 산림공원과,063-281-2689,2023-01-01
45113-00053,아중18호공원,어린이공원,,전라북도 전주시 덕진구 우아동2가 869-2,35.8344393,127.1692888260,1500,운동기구,,벤치,,,2005-07-29,전라북도 전주시 자원순환본부 산림공원과,063-281-2689,2023-01-01
45113-00054,하늘공원,근린공원,,전라북도 전주시 덕진구 덕진동2가 682,35.8452358,127.1071352294,25864,농구대+운동기구,,정자+벤치,,수경설비,2005-08-05,전라북도 전주시 자원순환본부 산림공원과,063-281-2689,2023-01-01
45113-00055,쇠똥구리공원,어린이공원,전라북도 전주시 덕진구 호반6길 26-5,전라북도 전주시 덕진구 덕진동2가 726,35.85229684,127.1186639,1555,,조합놀이대,정자+벤치,,,2005-08-05,전라북도 전주시 자원순환본부 산림공원과,063-281-2689,2023-01-01
45113-00056,반딧불이공원,어린이공원,전라북도 전주시 덕진구 호반6길 26-5,전라북도 전주시 덕진구 덕진동2가 726,35.85229684,127.1186639,1791,,조합놀이대,정자+벤치,,,2005-08-05,전라북도 전주시 자원순환본부 산림공원과,063-281-2689,2023-01-01
45113-00057,여울목공원,어린이공원,전라북도 전주시 덕진구 호반6길 26-5,전라북도 전주시 덕진구 덕진동2가 726,35.85229684,127.1186639,2515,,조합놀이대,벤치,,,2005-08-05,전라북도 전주시 자원순환본부 산림공원과,063-281-2689,2023-01-01
45113-00058,월평공원,어린이공원,,전라북도 전주시 덕진구 만성동 1188-6,35.835815,127.073567,1592.1,,,,,,2008-03-04,전라북도 전주시 자원순환본부 산림공원과,063-281-2689,2023-01-01
45113-00059,월방공원,소공원,,전라북도 전주시 덕진구 만성동 1194-3,35.8346685542,127.0726076505,6035.2,,,,,,2008-03-04,전라북도 전주시 자원순환본부 산림공원과,063-281-2689,2023-01-01
45113-00060,월방공원,어린이공원,,전라북도 전주시 덕진구 만성동 1194-3,35.8346685542,127.0726076505,1756.8,,,,,,2008-03-04,전라북도 전주시 자원순환본부 산림공원과,063-281-2689,2023-01-01
45113-00061,기린공원,근린공원,전라북도 전주시 덕진구 한배미6길 23,전라북도 전주시 덕진구 인후동1가 산 153-3,35.82258424,127.1692571,2476835,,,,,,2008-03-04,전라북도 전주시 자원순환본부 산림공원과,063-281-2689,2023-01-01
45113-00062,마당재공원,근린공원,,전라북도 전주시 덕진구 인후동1가 925,35.8240242349,127.1623490150,13865,,,,,,2008-03-04,전라북도 전주시 자원순환본부 산림공원과,063-281-2689,2023-01-01
45113-00063,기지재,수변공원,,전라북도 전주시 덕진구 장동 1094,35.8412478477,127.0644981716,191762,,,,,,2008-03-04,전라북도 전주시 자원순환본부 산림공원과,063-281-2689,2023-01-01
45113-00064,여의공원,어린이공원,,전라북도 전주시 덕진구 반월동 248-6,35.8715160857,127.0760843225,1496,,,,,,2008-06-20,전라북도 전주시 자원순환본부 산림공원과,063-281-2689,2023-01-01
45113-00065,179호 붓내구역,소공원,,전라북도 전주시 덕진구 송천동2가 270-5,35.8680381,127.1235233,197,,,,,,2008-06-20,전라북도 전주시 자원순환본부 산림공원과,063-281-2689,2023-01-01
45113-00066,160호 붓내구역,소공원,전라북도 전주시 덕진구 붓내5길 11,전라북도 전주시 덕진구 송천동2가 453-23,35.8687265,127.122497,133,,,,,,2008-06-20,전라북도 전주시 자원순환본부 산림공원과,063-281-2689,2023-01-01
45113-00067,우아구역,소공원,,전라북도 전주시 덕진구 우아동3가 386,35.8433132622,127.1648846638,425,,,,,,2008-06-20,전라북도 전주시 자원순환본부 산림공원과,063-281-2689,2023-01-01
45113-00068,원중공원,소공원,,전라북도 전주시 덕진구 장동 1092-1,35.843344,127.0638563247,3987.9,,,,,,2008-06-20,전라북도 전주시 자원순환본부 산림공원과,063-281-2689,2023-01-01
45113-00069,정문공원,소공원,,전라북도 전주시 덕진구 중동 779-15,35.835826,127.0599445754,431.5,,,,,,2008-06-20,전라북도 전주시 자원순환본부 산림공원과,063-281-2689,2023-01-01
45113-00070,중동공원,근린공원,,전라북도 전주시 덕진구 중동 787-11,35.833591,127.0621413057,20625.8,,,,,수경설비,2008-09-10,전라북도 전주시 자원순환본부 산림공원과,063-281-2689,2023-01-01
45113-00071,만성어린 5,어린이공원,,전라북도 전주시 덕진구 만성동 1028-2,35.8398361,127.0719803,1514,,,,,수경설비,2008-12-12,전라북도 전주시 자원순환본부 산림공원과,063-281-2689,2023-01-01
45113-00072,만성수변,수변공원,,전라북도 전주시 덕진구 만성동 1063,35.8435031,127.0704111,55047,,,,,,2008-12-12,전라북도 전주시 자원순환본부 산림공원과,063-281-2689,2023-01-01
45113-00073,만성어린 1,어린이공원,,전라북도 전주시 덕진구 만성동 240,35.8456323,127.0817119,1879,,,,,,2008-12-12,전라북도 전주시 자원순환본부 산림공원과,063-281-2689,2023-01-01
45113-00074,만성지구 1,근린공원,,전라북도 전주시 덕진구 만성동 458,35.841164,127.0744742,58582,,,,,,2008-12-12,전라북도 전주시 자원순환본부 산림공원과,063-281-2689,2023-01-01
45113-00075,만성어린 4,어린이공원,,전라북도 전주시 덕진구 만성동 574,35.8378935,127.0759124,6895,,,,,,2008-12-12,전라북도 전주시 자원순환본부 산림공원과,063-281-2689,2023-01-01
45113-00076,만성어린 2,어린이공원,,전라북도 전주시 덕진구 만성동 산 85,35.8418104,127.0794203,3137,,,,,,2008-12-12,전라북도 전주시 자원순환본부 산림공원과,063-281-2689,2023-01-01
45113-00077,만성문화,문화공원,,전라북도 전주시 덕진구 만성동 1339-18,35.8493880131,127.0792610143,18019,,,,,,2008-12-13,전라북도 전주시 자원순환본부 산림공원과,063-281-2689,2023-01-01
45113-00078,종광대,소공원,,전라북도 전주시 덕진구 인후동1가 176-22,35.8308589,127.1513332,765,,,,,,2009-02-24,전라북도 전주시 자원순환본부 산림공원과,063-281-2689,2023-01-01
45113-00079,만성어린 3,어린이공원,,전라북도 전주시 덕진구 만성동 398-20,35.8451605,127.0783565,2631,,,,,,2009-12-10,전라북도 전주시 자원순환본부 산림공원과,063-281-2689,2023-01-01
45113-00080,동산구역,소공원,전라북도 전주시 덕진구 덕용2길 23,전라북도 전주시 덕진구 동산동 571-41,35.86992524,127.0792306,2292,,,,,,2010-03-18,전라북도 전주시 자원순환본부 산림공원과,063-281-2689,2023-01-01
45113-00081,서찰방공원,소공원,,전라북도 전주시 덕진구 만성동 1168-8,35.8343405993,127.067871,327.7,,,,,,2010-12-16,전라북도 전주시 자원순환본부 산림공원과,063-281-2689,2023-01-01
45113-00082,찰방공원,어린이공원,,전라북도 전주시 덕진구 만성동 1174-3,35.8339361748,127.0696925427,1852,,,,,,2010-12-16,전라북도 전주시 자원순환본부 산림공원과,063-281-2689,2023-01-01
45113-00083,오정공원,어린이공원,,전라북도 전주시 덕진구 중동 783-4,35.834749,127.0605874270,1641.2,,,,,,2011-07-28,전라북도 전주시 자원순환본부 산림공원과,063-281-2689,2023-01-01
45113-00084,느티나무공원,어린이공원,전라북도 전주시 덕진구 벚꽃4길 9-11,전라북도 전주시 덕진구 진북동 1022-10,35.8283609,127.1349598,1329,,,,,,2011-07-28,전라북도 전주시 자원순환본부 산림공원과,063-281-2689,2023-01-01
45113-00086,건산공원,어린이공원,전라북도 전주시 덕진구 건산1길 21-3,전라북도 전주시 덕진구 진북동 339-6,35.8318687,127.1425954,1132.9,,,,,,2011-07-28,전라북도 전주시 자원순환본부 산림공원과,063-281-2689,2023-01-01
45113-00087,원장동공원,근린공원,,전라북도 전주시 덕진구 장동 1065,35.8413038377,127.0555797598,16103.7,운동기구,조합놀이대+시소,정자+벤치,,,2011-12-01,전라북도 전주시 자원순환본부 산림공원과,063-281-2689,2023-01-01
45113-00088,만성지구 2,근린공원,,전라북도 전주시 덕진구 만성동 962,35.8351751,127.0712343,16604,,,,,수경설비,2011-12-29,전라북도 전주시 자원순환본부 산림공원과,063-281-2689,2023-01-01
45113-00089,엽순공원,근린공원,,전라북도 전주시 덕진구 장동 1073-1,35.8430172966,127.0607347434,83224.7,,,,,,2012-06-25,전라북도 전주시 자원순환본부 산림공원과,063-281-2689,2023-01-01
45113-00090,송천유남공원,소공원,,전라북도 전주시 덕진구 송천동 97-8,35.8634308,127.130367,1017,,,,,,2013-05-15,전라북도 전주시 자원순환본부 산림공원과,063-281-2689,2023-01-01
45113-00091,에코시티7호,소공원,,전라북도 전주시 덕진구 송천동2가 1346,35.8747062380,127.1399388421,1444,,,,,,2014-02-28,전라북도 전주시 자원순환본부 산림공원과,063-281-2689,2023-01-01
45113-00092,에코시티8호,소공원,,전라북도 전주시 덕진구 송천동2가 1365-4,35.8714514140,127.1394612231,1026,,,,,,2014-02-28,전라북도 전주시 자원순환본부 산림공원과,063-281-2689,2023-01-01
45113-00093,에코시티1호,소공원,,전라북도 전주시 덕진구 송천동2가 377-66,35.8769131979,127.1149480231,807,,,,,,2014-02-28,전라북도 전주시 자원순환본부 산림공원과,063-281-2689,2023-01-01
45113-00094,에코시티2호,소공원,,전라북도 전주시 덕진구 송천동2가 377-66,35.8769131979,127.1149480231,1041,,,,,,2014-02-28,전라북도 전주시 자원순환본부 산림공원과,063-281-2689,2023-01-01
45113-00095,에코시티3호,소공원,,전라북도 전주시 덕진구 송천동2가 377-66,35.8769131979,127.1149480231,1037,,,,,,2014-02-28,전라북도 전주시 자원순환본부 산림공원과,063-281-2689,2023-01-01
45113-00096,에코시티4호,소공원,,전라북도 전주시 덕진구 송천동2가 377-66,35.8769131979,127.1149480231,993,,,,,,2014-02-28,전라북도 전주시 자원순환본부 산림공원과,063-281-2689,2023-01-01
45113-00097,에코시티5호,소공원,,전라북도 전주시 덕진구 송천동2가 377-66,35.8769131979,127.1149480231,1033,,,,,,2014-02-28,전라북도 전주시 자원순환본부 산림공원과,063-281-2689,2023-01-01
45113-00098,에코시티6호,소공원,,전라북도 전주시 덕진구 송천동2가 377-66,35.8769131979,127.1149480231,1087,,,,,,2014-02-28,전라북도 전주시 자원순환본부 산림공원과,063-281-2689,2023-01-01
45113-00099,에코시티9호,소공원,,전라북도 전주시 덕진구 송천동2가 377-66,35.8769131979,127.1149480231,1320,,,,,,2014-02-28,전라북도 전주시 자원순환본부 산림공원과,063-281-2689,2023-01-01
45113-00100,백석공원,근린공원,,전라북도 전주시 덕진구 송천동2가 1293-86,35.8816564622,127.1241909209,93743,,,,,,2014-02-28,전라북도 전주시 자원순환본부 산림공원과,063-281-2689,2023-01-01
45113-00101,세병공원,근린공원,,전라북도 전주시 덕진구 송천동2가 1316,35.8759214305,127.1320572047,200481,족구장+풋살장+농구장+다목적구장,,정자+화장실+벤치,,수경설비,2014-02-28,전라북도 전주시 자원순환본부 산림공원과,063-281-2689,2023-01-01
45113-00102,붓내공원,근린공원,,전라북도 전주시 덕진구 송천동2가 1339,35.8714077095,127.1296103696,28727,,,,,,2014-02-28,전라북도 전주시 자원순환본부 산림공원과,063-281-2689,2023-01-01
45113-00103,화정공원,근린공원,,전라북도 전주시 덕진구 송천동2가 1356,35.8716157960,127.1364964560,36819,,,,,,2014-02-28,전라북도 전주시 자원순환본부 산림공원과,063-281-2689,2023-01-01
45113-00104,팔복문화공원,문화공원,전라북도 전주시 덕진구 구렛들1길 46,전라북도 전주시 덕진구 팔복동1가 243-3,35.86133297,127.1009481,13242,,,,,,2015-11-18,전라북도 전주시 자원순환본부 산림공원과,063-281-2689,2023-01-01
45113-00105,철도178호,근린공원,,전라북도 전주시 덕진구 우아동1가 942-1,35.8299135133,127.1764063669,36018,,,,,,2015-11-27,전라북도 전주시 자원순환본부 산림공원과,063-281-2689,2023-01-01
45113-00106,에코시티 1호공원,어린이공원,,전라북도 전주시 덕진구 송천동2가 377-66,35.8769131979,127.1149480231,1500,,,,,,2016-04-29,전라북도 전주시 자원순환본부 산림공원과,063-281-2689,2023-01-01
45113-00107,에코시티5호,근린공원,,전라북도 전주시 덕진구 송천동2가 377-70,35.8755864170,127.1112868696,11157,,,,,,2016-04-29,전라북도 전주시 자원순환본부 산림공원과,063-281-2689,2023-01-01
45113-00108,제187호 근린공원,근린공원,,전라북도 전주시 덕진구 우아동1가 1121,35.8255237,127.1762274729,5153,,,,,,2016-09-13,전라북도 전주시 자원순환본부 산림공원과,063-281-2689,2023-01-01
45113-00109,동산구역B,소공원,,전라북도 전주시 덕진구 여의동2가 551-3,35.8698979,127.0792306,499,,,,,,2017-07-14,전라북도 전주시 자원순환본부 산림공원과,063-281-2689,2023-01-01
45113-00110,동산구역A,소공원,,전라북도 전주시 덕진구 여의동2가 601-5,35.870165,127.080703,1405,,,,,,2017-07-14,전라북도 전주시 자원순환본부 산림공원과,063-281-2689,2023-01-01
45113-00111,추천대공원,소공원,전라북도 전주시 덕진구 추천로 82,전라북도 전주시 덕진구 팔복동2가 100-2,35.845709,127.1041981,4780,,,,,,2019-09-11,전라북도 전주시 자원순환본부 산림공원과,063-281-2689,2023-01-01
